"first_name","last_name","company_name","address","city","county","state","zip","mobile_number","email","web"
"James","Butt","Benton, John B Jr","6649 N Blue Gum St","New Orleans","Orleans","LA","70116","504-621-8927","jbutt@gmail.com","http://www.bentonjohnbjr.com"
"Josephine","Darakjy","Chanay, Jeffrey A Esq","4 B Blue Ridge Blvd","Brighton","Livingston","MI","48116","810-292-9388","josephine_darakjy@darakjy.org","http://www.chanayjeffreyaesq.com"
"Art","Venere","Chemel, James L Cpa","8 W Cerritos Ave #54","Bridgeport","Gloucester","NJ","8014","856-636-8749","art@venere.org","http://www.chemeljameslcpa.com"
"Lenna","Paprocki","Feltz Printing Service","639 Main St","Anchorage","Anchorage","AK","99501","907-385-4412","lpaprocki@hotmail.com","http://www.feltzprintingservice.com"
"Donette","Foller","Printing Dimensions","34 Center St","Hamilton","Butler","OH","45011","513-570-1893","donette.foller@cox.net","http://www.printingdimensions.com"
"Simona","Morasca","Chapman, Ross E Esq","3 Mcauley Dr","Ashland","Ashland","OH","44805","419-503-2484","simona@morasca.com","http://www.chapmanrosseesq.com"
"Mitsue","Tollner","Morlong Associates","7 Eads St","Chicago","Cook","IL","60632","773-573-6914","mitsue_tollner@yahoo.com","http://www.morlongassociates.com"
"Leota","Dilliard","Commercial Press","7 W Jackson Blvd","San Jose","Santa Clara","CA","95111","408-752-3500","leota@hotmail.com","http://www.commercialpress.com"
"Sage","Wieser","Truhlar And Truhlar Attys","5 Boston Ave #88","Sioux Falls","Minnehaha","SD","57105","605-414-2147","sage_wieser@cox.net","http://www.truhlarandtruhlarattys.com"
"Kris","Marrier","King, Christopher A Esq","228 Runamuck Pl #2808","Baltimore","Baltimore City","MD","21224","410-655-8723","kris@gmail.com","http://www.kingchristopheraesq.com"
"Minna","Amigon","Dorl, James J Esq","2371 Jerrold Ave","Kulpsville","Montgomery","PA","19443","215-874-1229","minna_amigon@yahoo.com","http://www.dorljamesjesq.com"
"Abel","Maclead","Rangoni Of Florence","37275 St Â  Rt 17m M","Middle Island","Suffolk","NY","11953","631-335-3414","amaclead@gmail.com","http://www.rangoniofflorence.com"
"Kiley","Caldarera","Feiner Bros","25 E 75th St #69","Los Angeles","Los Angeles","CA","90034","310-498-5651","kiley.caldarera@aol.com","http://www.feinerbros.com"
